1,0,electric_piano,c2,2
2,0,electric_piano,c2,2
2,0,electric_piano,cs2,2
3,0,electric_piano,c2,2
4,0,electric_piano,c2,2
5,0,electric_piano,c2,2
6,0,electric_piano,c2,2
7,0,electric_piano,c2,2
8,0,electric_piano,c2,2
9,0,electric_piano,c2,2
10,0,electric_piano,c2,2
11,0,electric_piano,c2,2
12,0,electric_piano,c2,2
13,0,electric_piano,c2,2
14,0,electric_piano,c2,2
15,0,electric_piano,c2,2
3,0,electric_piano,cs2,2
5,0,electric_piano,cs2,2
5,0,electric_piano,cs2,2
6,0,electric_piano,cs2,2
7,0,electric_piano,cs2,2
8,0,electric_piano,cs2,2
9,0,electric_piano,cs2,2
10,0,electric_piano,cs2,2
11,0,electric_piano,cs2,2
12,0,electric_piano,cs2,2
13,0,electric_piano,cs2,2
14,0,electric_piano,cs2,2
15,0,electric_piano,cs2,2
3,1,electric_piano,d2,2
4,1,electric_piano,d2,2
5,1,electric_piano,d2,2
7,1,electric_piano,d2,2
6,1,electric_piano,d2,2
8,1,electric_piano,d2,2
9,1,electric_piano,d2,2
10,1,electric_piano,d2,2
11,1,electric_piano,d2,2
12,1,electric_piano,d2,2
13,1,electric_piano,d2,2
14,1,electric_piano,d2,2
15,1,electric_piano,d2,2
4,1,electric_piano,ds2,2
5,1,electric_piano,ds2,2
6,1,electric_piano,ds2,2
7,1,electric_piano,ds2,2
8,1,electric_piano,ds2,2
9,1,electric_piano,ds2,2
10,1,electric_piano,ds2,2
11,1,electric_piano,ds2,2
12,1,electric_piano,ds2,2
13,1,electric_piano,ds2,2
14,1,electric_piano,ds2,2
15,1,electric_piano,ds2,2
5,2,electric_piano,e2,2
6,2,electric_piano,e2,2
7,2,electric_piano,e2,2
8,2,electric_piano,e2,2
9,2,electric_piano,e2,2
10,2,electric_piano,e2,2
11,2,electric_piano,e2,2
12,2,electric_piano,e2,2
13,2,electric_piano,e2,2
14,2,electric_piano,e2,2
15,2,electric_piano,e2,2
6,3,electric_piano,f2,2
7,3,electric_piano,f2,2
8,3,electric_piano,f2,2
9,3,electric_piano,f2,2
10,3,electric_piano,f2,2
11,3,electric_piano,f2,2
12,3,electric_piano,f2,2
13,3,electric_piano,f2,2
14,3,electric_piano,f2,2
15,3,electric_piano,f2,2
7,3,electric_piano,fs2,2
8,3,electric_piano,fs2,2
9,3,electric_piano,fs2,2
10,3,electric_piano,fs2,2
11,3,electric_piano,fs2,2
12,3,electric_piano,fs2,2
13,3,electric_piano,fs2,2
14,3,electric_piano,fs2,2
15,3,electric_piano,fs2,2
8,4,electric_piano,g2,2
9,4,electric_piano,g2,2
10,4,electric_piano,g2,2
11,4,electric_piano,g2,2
12,4,electric_piano,g2,2
13,4,electric_piano,g2,2
15,4,electric_piano,g2,2
14,4,electric_piano,g2,2
9,4,electric_piano,gs2,2
10,4,electric_piano,gs2,2
11,4,electric_piano,gs2,2
12,4,electric_piano,gs2,2
13,4,electric_piano,gs2,2
14,4,electric_piano,gs2,2
15,4,electric_piano,gs2,2
10,5,electric_piano,a2,2
11,5,electric_piano,a2,2
12,5,electric_piano,a2,2
13,5,electric_piano,a2,2
14,5,electric_piano,a2,2
15,5,electric_piano,a2,2
11,5,electric_piano,as2,2
12,5,electric_piano,as2,2
13,5,electric_piano,as2,2
14,5,electric_piano,as2,2
15,5,electric_piano,as2,2
15,6,electric_piano,b2,2
14,6,electric_piano,b2,2
13,6,electric_piano,b2,2
12,6,electric_piano,b2,2
13,0,electric_piano,c3,2
14,0,electric_piano,c3,2
15,0,electric_piano,c3,2
14,0,electric_piano,cs3,2
15,0,electric_piano,cs3,2
15,1,electric_piano,d3,2
16,0,electric_piano,c2,2
17,0,electric_piano,c2,2
18,0,electric_piano,c2,2
19,0,electric_piano,c2,2
20,0,electric_piano,c2,2
21,0,electric_piano,c2,2
22,0,electric_piano,c2,2
23,0,electric_piano,c2,2
24,0,electric_piano,c2,2
25,0,electric_piano,c2,2
26,0,electric_piano,c2,2
27,0,electric_piano,c2,2
28,0,electric_piano,c2,2
29,0,electric_piano,c2,2
30,0,electric_piano,c2,2
31,0,electric_piano,c2,2
31,0,electric_piano,cs2,2
30,0,electric_piano,cs2,2
29,0,electric_piano,cs2,2
28,0,electric_piano,cs2,2
27,0,electric_piano,cs2,2
26,0,electric_piano,cs2,2
25,0,electric_piano,cs2,2
24,0,electric_piano,cs2,2
23,0,electric_piano,cs2,2
22,0,electric_piano,cs2,2
21,0,electric_piano,cs2,2
20,0,electric_piano,cs2,2
19,0,electric_piano,cs2,2
18,0,electric_piano,cs2,2
17,0,electric_piano,cs2,2
16,0,electric_piano,cs2,2
16,1,electric_piano,d2,2
17,1,electric_piano,d2,2
18,1,electric_piano,d2,2
19,1,electric_piano,d2,2
20,1,electric_piano,d2,2
21,1,electric_piano,d2,2
22,1,electric_piano,d2,2
23,1,electric_piano,d2,2
24,1,electric_piano,d2,2
25,1,electric_piano,d2,2
26,1,electric_piano,d2,2
27,1,electric_piano,d2,2
28,1,electric_piano,d2,2
29,1,electric_piano,d2,2
30,1,electric_piano,d2,2
31,1,electric_piano,d2,2
31,1,electric_piano,ds2,2
30,1,electric_piano,ds2,2
28,1,electric_piano,ds2,2
29,1,electric_piano,ds2,2
27,1,electric_piano,ds2,2
26,1,electric_piano,ds2,2
25,1,electric_piano,ds2,2
24,1,electric_piano,ds2,2
23,1,electric_piano,ds2,2
22,1,electric_piano,ds2,2
21,1,electric_piano,ds2,2
20,1,electric_piano,ds2,2
19,1,electric_piano,ds2,2
18,1,electric_piano,ds2,2
17,1,electric_piano,ds2,2
16,1,electric_piano,ds2,2
16,2,electric_piano,e2,2
17,2,electric_piano,e2,2
18,2,electric_piano,e2,2
19,2,electric_piano,e2,2
20,2,electric_piano,e2,2
21,2,electric_piano,e2,2
22,2,electric_piano,e2,2
23,2,electric_piano,e2,2
24,2,electric_piano,e2,2
25,2,electric_piano,e2,2
26,2,electric_piano,e2,2
27,2,electric_piano,e2,2
28,2,electric_piano,e2,2
29,2,electric_piano,e2,2
30,2,electric_piano,e2,2
31,2,electric_piano,e2,2
16,3,electric_piano,f2,2
17,3,electric_piano,f2,2
18,3,electric_piano,f2,2
19,3,electric_piano,f2,2
20,3,electric_piano,f2,2
21,3,electric_piano,f2,2
22,3,electric_piano,f2,2
23,3,electric_piano,f2,2
24,3,electric_piano,f2,2
25,3,electric_piano,f2,2
26,3,electric_piano,f2,2
27,3,electric_piano,f2,2
28,3,electric_piano,f2,2
29,3,electric_piano,f2,2
30,3,electric_piano,f2,2
31,3,electric_piano,f2,2
16,3,electric_piano,fs2,2
17,3,electric_piano,fs2,2
18,3,electric_piano,fs2,2
19,3,electric_piano,fs2,2
20,3,electric_piano,fs2,2
21,3,electric_piano,fs2,2
22,3,electric_piano,fs2,2
23,3,electric_piano,fs2,2
24,3,electric_piano,fs2,2
25,3,electric_piano,fs2,2
26,3,electric_piano,fs2,2
27,3,electric_piano,fs2,2
28,3,electric_piano,fs2,2
29,3,electric_piano,fs2,2
30,3,electric_piano,fs2,2
31,3,electric_piano,fs2,2
31,4,electric_piano,g2,2
30,4,electric_piano,g2,2
29,4,electric_piano,g2,2
28,4,electric_piano,g2,2
27,4,electric_piano,g2,2
26,4,electric_piano,g2,2
25,4,electric_piano,g2,2
24,4,electric_piano,g2,2
23,4,electric_piano,g2,2
22,4,electric_piano,g2,2
21,4,electric_piano,g2,2
20,4,electric_piano,g2,2
19,4,electric_piano,g2,2
17,4,electric_piano,g2,2
18,4,electric_piano,g2,2
16,4,electric_piano,g2,2
16,4,electric_piano,gs2,2
17,4,electric_piano,gs2,2
18,4,electric_piano,gs2,2
19,4,electric_piano,gs2,2
20,4,electric_piano,gs2,2
21,4,electric_piano,gs2,2
22,4,electric_piano,gs2,2
23,4,electric_piano,gs2,2
24,4,electric_piano,gs2,2
25,4,electric_piano,gs2,2
26,4,electric_piano,gs2,2
27,4,electric_piano,gs2,2
28,4,electric_piano,gs2,2
29,4,electric_piano,gs2,2
30,4,electric_piano,gs2,2
31,4,electric_piano,gs2,2
31,5,electric_piano,a2,2
30,5,electric_piano,a2,2
29,5,electric_piano,a2,2
28,5,electric_piano,a2,2
27,5,electric_piano,a2,2
26,5,electric_piano,a2,2
25,5,electric_piano,a2,2
24,5,electric_piano,a2,2
23,5,electric_piano,a2,2
22,5,electric_piano,a2,2
21,5,electric_piano,a2,2
20,5,electric_piano,a2,2
19,5,electric_piano,a2,2
18,5,electric_piano,a2,2
17,5,electric_piano,a2,2
16,5,electric_piano,a2,2
16,5,electric_piano,as2,2
17,5,electric_piano,as2,2
18,5,electric_piano,as2,2
19,5,electric_piano,as2,2
20,5,electric_piano,as2,2
21,5,electric_piano,as2,2
22,5,electric_piano,as2,2
23,5,electric_piano,as2,2
24,5,electric_piano,as2,2
25,5,electric_piano,as2,2
26,5,electric_piano,as2,2
27,5,electric_piano,as2,2
28,5,electric_piano,as2,2
29,5,electric_piano,as2,2
31,5,electric_piano,as2,2
30,5,electric_piano,as2,2
31,6,electric_piano,b2,2
30,6,electric_piano,b2,2
29,6,electric_piano,b2,2
28,6,electric_piano,b2,2
27,6,electric_piano,b2,2
26,6,electric_piano,b2,2
25,6,electric_piano,b2,2
24,6,electric_piano,b2,2
23,6,electric_piano,b2,2
22,6,electric_piano,b2,2
21,6,electric_piano,b2,2
20,6,electric_piano,b2,2
19,6,electric_piano,b2,2
18,6,electric_piano,b2,2
17,6,electric_piano,b2,2
16,6,electric_piano,b2,2
16,0,electric_piano,c3,2
17,0,electric_piano,c3,2
18,0,electric_piano,c3,2
19,0,electric_piano,c3,2
20,0,electric_piano,c3,2
21,0,electric_piano,c3,2
22,0,electric_piano,c3,2
23,0,electric_piano,c3,2
24,0,electric_piano,c3,2
25,0,electric_piano,c3,2
26,0,electric_piano,c3,2
27,0,electric_piano,c3,2
28,0,electric_piano,c3,2
29,0,electric_piano,c3,2
30,0,electric_piano,c3,2
31,0,electric_piano,c3,2
31,0,electric_piano,cs3,2
30,0,electric_piano,cs3,2
29,0,electric_piano,cs3,2
28,0,electric_piano,cs3,2
27,0,electric_piano,cs3,2
26,0,electric_piano,cs3,2
25,0,electric_piano,cs3,2
24,0,electric_piano,cs3,2
23,0,electric_piano,cs3,2
22,0,electric_piano,cs3,2
21,0,electric_piano,cs3,2
20,0,electric_piano,cs3,2
19,0,electric_piano,cs3,2
18,0,electric_piano,cs3,2
17,0,electric_piano,cs3,2
16,0,electric_piano,cs3,2
16,1,electric_piano,d3,2
17,1,electric_piano,d3,2
18,1,electric_piano,d3,2
19,1,electric_piano,d3,2
20,1,electric_piano,d3,2
21,1,electric_piano,d3,2
22,1,electric_piano,d3,2
23,1,electric_piano,d3,2
24,1,electric_piano,d3,2
25,1,electric_piano,d3,2
26,1,electric_piano,d3,2
27,1,electric_piano,d3,2
28,1,electric_piano,d3,2
29,1,electric_piano,d3,2
30,1,electric_piano,d3,2
31,1,electric_piano,d3,2
31,1,electric_piano,ds3,2
30,1,electric_piano,ds3,2
29,1,electric_piano,ds3,2
28,1,electric_piano,ds3,2
27,1,electric_piano,ds3,2
26,1,electric_piano,ds3,2
25,1,electric_piano,ds3,2
24,1,electric_piano,ds3,2
23,1,electric_piano,ds3,2
22,1,electric_piano,ds3,2
21,1,electric_piano,ds3,2
20,1,electric_piano,ds3,2
19,1,electric_piano,ds3,2
18,1,electric_piano,ds3,2
17,1,electric_piano,ds3,2
16,1,electric_piano,ds3,2
17,2,electric_piano,e3,2
18,2,electric_piano,e3,2
19,2,electric_piano,e3,2
20,2,electric_piano,e3,2
21,2,electric_piano,e3,2
22,2,electric_piano,e3,2
23,2,electric_piano,e3,2
24,2,electric_piano,e3,2
25,2,electric_piano,e3,2
26,2,electric_piano,e3,2
27,2,electric_piano,e3,2
28,2,electric_piano,e3,2
29,2,electric_piano,e3,2
30,2,electric_piano,e3,2
31,2,electric_piano,e3,2
18,3,electric_piano,f3,2
19,3,electric_piano,f3,2
20,3,electric_piano,f3,2
21,3,electric_piano,f3,2
22,3,electric_piano,f3,2
23,3,electric_piano,f3,2
24,3,electric_piano,f3,2
25,3,electric_piano,f3,2
26,3,electric_piano,f3,2
27,3,electric_piano,f3,2
28,3,electric_piano,f3,2
30,3,electric_piano,f3,2
29,3,electric_piano,f3,2
31,3,electric_piano,f3,2
31,3,electric_piano,fs3,2
30,3,electric_piano,fs3,2
29,3,electric_piano,fs3,2
28,3,electric_piano,fs3,2
27,3,electric_piano,fs3,2
26,3,electric_piano,fs3,2
25,3,electric_piano,fs3,2
24,3,electric_piano,fs3,2
23,3,electric_piano,fs3,2
22,3,electric_piano,fs3,2
21,3,electric_piano,fs3,2
20,3,electric_piano,fs3,2
19,3,electric_piano,fs3,2
20,4,electric_piano,g3,2
21,4,electric_piano,g3,2
22,4,electric_piano,g3,2
23,4,electric_piano,g3,2
24,4,electric_piano,g3,2
25,4,electric_piano,g3,2
26,4,electric_piano,g3,2
27,4,electric_piano,g3,2
28,4,electric_piano,g3,2
29,4,electric_piano,g3,2
30,4,electric_piano,g3,2
31,4,electric_piano,g3,2
21,4,electric_piano,gs3,2
22,4,electric_piano,gs3,2
23,4,electric_piano,gs3,2
24,4,electric_piano,gs3,2
25,4,electric_piano,gs3,2
27,4,electric_piano,gs3,2
26,4,electric_piano,gs3,2
28,4,electric_piano,gs3,2
29,4,electric_piano,gs3,2
30,4,electric_piano,gs3,2
31,4,electric_piano,gs3,2
31,5,electric_piano,a3,2
30,5,electric_piano,a3,2
29,5,electric_piano,a3,2
28,5,electric_piano,a3,2
27,5,electric_piano,a3,2
26,5,electric_piano,a3,2
25,5,electric_piano,a3,2
24,5,electric_piano,a3,2
23,5,electric_piano,a3,2
22,5,electric_piano,a3,2
23,5,electric_piano,as3,2
24,5,electric_piano,as3,2
25,5,electric_piano,as3,2
26,5,electric_piano,as3,2
27,5,electric_piano,as3,2
28,5,electric_piano,as3,2
29,5,electric_piano,as3,2
30,6,electric_piano,b3,2
31,6,electric_piano,b3,2
30,5,electric_piano,as3,2
31,5,electric_piano,as3,2
29,6,electric_piano,b3,2
28,6,electric_piano,b3,2
27,6,electric_piano,b3,2
26,6,electric_piano,b3,2
25,6,electric_piano,b3,2
24,6,electric_piano,b3,2
23,6,electric_piano,b3,2
24,0,electric_piano,c4,2
25,0,electric_piano,c4,2
26,0,electric_piano,c4,2
27,0,electric_piano,c4,2
28,0,electric_piano,c4,2
29,0,electric_piano,c4,2
30,0,electric_piano,c4,2
31,0,electric_piano,c4,2
25,0,electric_piano,cs4,2
26,0,electric_piano,cs4,2
27,0,electric_piano,cs4,2
28,0,electric_piano,cs4,2
29,0,electric_piano,cs4,2
30,0,electric_piano,cs4,2
31,0,electric_piano,cs4,2
26,1,electric_piano,d4,2
27,1,electric_piano,d4,2
28,1,electric_piano,d4,2
29,1,electric_piano,d4,2
30,1,electric_piano,d4,2
31,1,electric_piano,d4,2
31,1,electric_piano,ds4,2
30,1,electric_piano,ds4,2
29,1,electric_piano,ds4,2
27,1,electric_piano,ds4,2
28,1,electric_piano,ds4,2
28,2,electric_piano,e4,2
29,2,electric_piano,e4,2
30,2,electric_piano,e4,2
31,2,electric_piano,e4,2
29,3,electric_piano,f4,2
30,3,electric_piano,f4,2
31,3,electric_piano,f4,2
30,3,electric_piano,fs4,2
31,3,electric_piano,fs4,2
31,4,electric_piano,g4,2
32,0,electric_piano,c2,2
33,0,electric_piano,c2,2
34,0,electric_piano,c2,2
35,0,electric_piano,c2,2
32,0,electric_piano,cs2,2
33,0,electric_piano,cs2,2
34,0,electric_piano,cs2,2
35,0,electric_piano,cs2,2
32,1,electric_piano,d2,2
33,1,electric_piano,d2,2
34,1,electric_piano,d2,2
35,1,electric_piano,d2,2
35,1,electric_piano,ds2,2
34,1,electric_piano,ds2,2
33,1,electric_piano,ds2,2
32,1,electric_piano,ds2,2
32,2,electric_piano,e2,2
33,2,electric_piano,e2,2
34,2,electric_piano,e2,2
35,2,electric_piano,e2,2
35,3,electric_piano,f2,2
34,3,electric_piano,f2,2
33,3,electric_piano,f2,2
32,3,electric_piano,f2,2
32,3,electric_piano,fs2,2
33,3,electric_piano,fs2,2
34,3,electric_piano,fs2,2
35,3,electric_piano,fs2,2
35,4,electric_piano,g2,2
34,4,electric_piano,g2,2
33,4,electric_piano,g2,2
32,4,electric_piano,g2,2
32,5,electric_piano,a2,2
33,4,electric_piano,gs2,2
32,4,electric_piano,gs2,2
34,4,electric_piano,gs2,2
35,4,electric_piano,gs2,2
35,5,electric_piano,a2,2
34,5,electric_piano,a2,2
33,5,electric_piano,a2,2
32,5,electric_piano,as2,2
33,5,electric_piano,as2,2
34,5,electric_piano,as2,2
35,5,electric_piano,as2,2
35,6,electric_piano,b2,2
34,6,electric_piano,b2,2
33,6,electric_piano,b2,2
32,6,electric_piano,b2,2
32,0,electric_piano,c3,2
33,0,electric_piano,c3,2
35,0,electric_piano,c3,2
34,0,electric_piano,c3,2
35,0,electric_piano,cs3,2
34,0,electric_piano,cs3,2
33,0,electric_piano,cs3,2
32,0,electric_piano,cs3,2
32,1,electric_piano,d3,2
33,1,electric_piano,d3,2
34,1,electric_piano,d3,2
35,1,electric_piano,d3,2
35,1,electric_piano,ds3,2
34,1,electric_piano,ds3,2
33,1,electric_piano,ds3,2
32,1,electric_piano,ds3,2
32,2,electric_piano,e3,2
33,2,electric_piano,e3,2
34,2,electric_piano,e3,2
35,2,electric_piano,e3,2
35,3,electric_piano,f3,2
34,3,electric_piano,f3,2
33,3,electric_piano,f3,2
32,3,electric_piano,f3,2
32,3,electric_piano,fs3,2
33,3,electric_piano,fs3,2
34,3,electric_piano,fs3,2
35,3,electric_piano,fs3,2
35,4,electric_piano,g3,2
34,4,electric_piano,gs3,2
34,4,electric_piano,g3,2
32,4,electric_piano,g3,2
33,4,electric_piano,g3,2
32,4,electric_piano,gs3,2
33,4,electric_piano,gs3,2
35,4,electric_piano,gs3,2
35,5,electric_piano,a3,2
34,5,electric_piano,a3,2
33,5,electric_piano,a3,2
32,5,electric_piano,a3,2
32,5,electric_piano,as3,2
33,5,electric_piano,as3,2
34,5,electric_piano,as3,2
35,6,electric_piano,b3,2
35,5,electric_piano,as3,2
34,6,electric_piano,b3,2
33,6,electric_piano,b3,2
32,6,electric_piano,b3,2
32,0,electric_piano,c4,2
33,0,electric_piano,c4,2
34,0,electric_piano,c4,2
35,0,electric_piano,c4,2
32,0,electric_piano,cs4,2
33,0,electric_piano,cs4,2
34,0,electric_piano,cs4,2
35,0,electric_piano,cs4,2
35,1,electric_piano,d4,2
34,1,electric_piano,d4,2
33,1,electric_piano,d4,2
32,1,electric_piano,d4,2
32,1,electric_piano,ds4,2
33,1,electric_piano,ds4,2
34,1,electric_piano,ds4,2
35,1,electric_piano,ds4,2
35,2,electric_piano,e4,2
34,2,electric_piano,e4,2
33,2,electric_piano,e4,2
32,2,electric_piano,e4,2
32,3,electric_piano,f4,2
33,3,electric_piano,f4,2
34,3,electric_piano,f4,2
35,3,electric_piano,f4,2
35,3,electric_piano,fs4,2
34,3,electric_piano,fs4,2
33,3,electric_piano,fs4,2
32,3,electric_piano,fs4,2
32,4,electric_piano,g4,2
33,4,electric_piano,g4,2
34,4,electric_piano,g4,2
35,4,electric_piano,g4,2
33,4,electric_piano,gs4,2
34,4,electric_piano,gs4,2
35,4,electric_piano,gs4,2
35,5,electric_piano,a4,2
34,5,electric_piano,a4,2
35,5,electric_piano,as4,2
39,0,electric_piano,c2,2
38,0,electric_piano,c2,2
37,0,electric_piano,c2,2
36,0,electric_piano,c2,2
36,0,electric_piano,cs2,2
37,0,electric_piano,cs2,2
38,0,electric_piano,cs2,2
39,0,electric_piano,cs2,2
39,1,electric_piano,d2,2
38,1,electric_piano,d2,2
37,1,electric_piano,d2,2
36,1,electric_piano,d2,2
36,1,electric_piano,ds2,2
37,1,electric_piano,ds2,2
38,1,electric_piano,ds2,2
39,1,electric_piano,ds2,2
39,2,electric_piano,e2,2
38,2,electric_piano,e2,2
37,2,electric_piano,e2,2
36,2,electric_piano,e2,2
36,3,electric_piano,f2,2
37,3,electric_piano,f2,2
38,3,electric_piano,f2,2
39,3,electric_piano,f2,2
39,3,electric_piano,fs2,2
38,3,electric_piano,fs2,2
37,3,electric_piano,fs2,2
36,3,electric_piano,fs2,2
40,0,electric_piano,c2,2
41,0,electric_piano,c2,2
42,0,electric_piano,c2,2
43,0,electric_piano,c2,2
45,0,electric_piano,c2,2
44,0,electric_piano,c2,2
46,0,electric_piano,c2,2
47,0,electric_piano,c2,2
47,0,electric_piano,cs2,2
46,0,electric_piano,cs2,2
45,0,electric_piano,cs2,2
43,0,electric_piano,cs2,2
44,0,electric_piano,cs2,2
42,0,electric_piano,cs2,2
40,1,electric_piano,d2,2
41,0,electric_piano,cs2,2
40,0,electric_piano,cs2,2
41,1,electric_piano,d2,2
42,1,electric_piano,d2,2
43,1,electric_piano,d2,2
44,1,electric_piano,d2,2
46,1,electric_piano,d2,2
47,1,electric_piano,d2,2
45,1,electric_piano,d2,2
47,1,electric_piano,ds2,2
46,1,electric_piano,ds2,2
45,1,electric_piano,ds2,2
44,1,electric_piano,ds2,2
43,1,electric_piano,ds2,2
42,1,electric_piano,ds2,2
41,1,electric_piano,ds2,2
40,1,electric_piano,ds2,2
40,2,electric_piano,e2,2
41,2,electric_piano,e2,2
42,2,electric_piano,e2,2
43,2,electric_piano,e2,2
44,2,electric_piano,e2,2
45,2,electric_piano,e2,2
46,2,electric_piano,e2,2
47,2,electric_piano,e2,2
47,3,electric_piano,f2,2
46,3,electric_piano,f2,2
45,3,electric_piano,f2,2
44,3,electric_piano,fs2,2
43,3,electric_piano,f2,2
44,3,electric_piano,f2,2
42,3,electric_piano,f2,2
41,3,electric_piano,f2,2
40,3,electric_piano,f2,2
40,3,electric_piano,fs2,2
41,3,electric_piano,fs2,2
42,3,electric_piano,fs2,2
43,3,electric_piano,fs2,2
45,3,electric_piano,fs2,2
46,3,electric_piano,fs2,2
47,3,electric_piano,fs2,2
36,4,electric_piano,g2,2
37,4,electric_piano,g2,2
38,4,electric_piano,g2,2
39,4,electric_piano,g2,2
39,4,electric_piano,gs2,2
38,4,electric_piano,gs2,2
37,4,electric_piano,gs2,2
36,4,electric_piano,gs2,2
36,5,electric_piano,a2,2
37,5,electric_piano,a2,2
38,5,electric_piano,a2,2
39,5,electric_piano,a2,2
39,5,electric_piano,as2,2
38,5,electric_piano,as2,2
37,5,electric_piano,as2,2
36,5,electric_piano,as2,2
39,6,electric_piano,b2,2
38,6,electric_piano,b2,2
37,6,electric_piano,b2,2
36,6,electric_piano,b2,2
36,0,electric_piano,c3,2
37,0,electric_piano,c3,2
38,0,electric_piano,c3,2
39,0,electric_piano,c3,2
39,0,electric_piano,cs3,2
38,0,electric_piano,cs3,2
37,0,electric_piano,cs3,2
36,0,electric_piano,cs3,2
36,1,electric_piano,d3,2
37,1,electric_piano,d3,2
38,1,electric_piano,d3,2
39,1,electric_piano,d3,2
39,1,electric_piano,ds3,2
38,1,electric_piano,ds3,2
37,1,electric_piano,ds3,2
36,1,electric_piano,ds3,2
36,2,electric_piano,e3,2
37,2,electric_piano,e3,2
38,2,electric_piano,e3,2
39,2,electric_piano,e3,2
39,3,electric_piano,f3,2
38,3,electric_piano,f3,2
37,3,electric_piano,f3,2
36,3,electric_piano,f3,2
36,3,electric_piano,fs3,2
37,3,electric_piano,fs3,2
38,3,electric_piano,fs3,2
39,3,electric_piano,fs3,2
39,4,electric_piano,g3,2
38,4,electric_piano,g3,2
37,4,electric_piano,g3,2
36,4,electric_piano,g3,2
36,4,electric_piano,gs3,2
37,4,electric_piano,gs3,2
38,4,electric_piano,gs3,2
39,4,electric_piano,gs3,2
39,5,electric_piano,a3,2
38,5,electric_piano,a3,2
37,5,electric_piano,a3,2
36,5,electric_piano,a3,2
36,5,electric_piano,as3,2
37,5,electric_piano,as3,2
38,5,electric_piano,as3,2
39,5,electric_piano,as3,2
39,6,electric_piano,b3,2
38,6,electric_piano,b3,2
37,6,electric_piano,b3,2
36,6,electric_piano,b3,2
36,0,electric_piano,cs4,2
36,0,electric_piano,c4,2
37,0,electric_piano,c4,2
38,0,electric_piano,c4,2
39,0,electric_piano,c4,2
39,0,electric_piano,cs4,2
38,0,electric_piano,cs4,2
37,0,electric_piano,cs4,2
36,1,electric_piano,d4,2
37,1,electric_piano,d4,2
38,1,electric_piano,d4,2
39,1,electric_piano,d4,2
39,1,electric_piano,ds4,2
38,1,electric_piano,ds4,2
37,1,electric_piano,ds4,2
36,1,electric_piano,ds4,2
36,3,electric_piano,f4,2
36,2,electric_piano,e4,2
37,2,electric_piano,e4,2
38,2,electric_piano,e4,2
39,2,electric_piano,e4,2
39,3,electric_piano,f4,2
38,3,electric_piano,f4,2
37,3,electric_piano,f4,2
36,3,electric_piano,fs4,2
37,3,electric_piano,fs4,2
38,3,electric_piano,fs4,2
39,3,electric_piano,fs4,2
39,4,electric_piano,g4,2
38,4,electric_piano,g4,2
37,4,electric_piano,g4,2
36,4,electric_piano,g4,2
36,4,electric_piano,gs4,2
37,4,electric_piano,gs4,2
38,4,electric_piano,gs4,2
39,4,electric_piano,gs4,2
39,5,electric_piano,a4,2
38,5,electric_piano,a4,2
37,5,electric_piano,a4,2
36,5,electric_piano,a4,2
36,5,electric_piano,as4,2
37,5,electric_piano,as4,2
38,5,electric_piano,as4,2
39,5,electric_piano,as4,2
36,6,electric_piano,b4,2
37,6,electric_piano,b4,2
38,6,electric_piano,b4,2
39,6,electric_piano,b4,2
39,0,electric_piano,c5,2
38,0,electric_piano,c5,2
37,0,electric_piano,c5,2
38,0,electric_piano,cs5,2
39,0,electric_piano,cs5,2
39,1,electric_piano,d5,2
40,4,electric_piano,g2,2
41,4,electric_piano,g2,2
42,4,electric_piano,g2,2
43,4,electric_piano,g2,2
45,4,electric_piano,g2,2
44,4,electric_piano,g2,2
46,4,electric_piano,g2,2
47,4,electric_piano,g2,2
47,4,electric_piano,gs2,2
46,4,electric_piano,gs2,2
44,4,electric_piano,gs2,2
45,4,electric_piano,gs2,2
43,4,electric_piano,gs2,2
42,4,electric_piano,gs2,2
41,4,electric_piano,gs2,2
40,4,electric_piano,gs2,2
40,5,electric_piano,a2,2
41,5,electric_piano,a2,2
42,5,electric_piano,a2,2
43,5,electric_piano,a2,2
44,5,electric_piano,a2,2
45,5,electric_piano,a2,2
46,5,electric_piano,a2,2
47,5,electric_piano,a2,2
47,5,electric_piano,as2,2
46,5,electric_piano,as2,2
45,5,electric_piano,as2,2
44,5,electric_piano,as2,2
43,5,electric_piano,as2,2
42,5,electric_piano,as2,2
41,5,electric_piano,as2,2
40,5,electric_piano,as2,2
40,6,electric_piano,b2,2
41,6,electric_piano,b2,2
42,6,electric_piano,b2,2
43,6,electric_piano,b2,2
44,6,electric_piano,b2,2
45,6,electric_piano,b2,2
46,6,electric_piano,b2,2
47,6,electric_piano,b2,2
47,0,electric_piano,c3,2
46,0,electric_piano,c3,2
45,0,electric_piano,c3,2
44,0,electric_piano,c3,2
43,0,electric_piano,c3,2
42,0,electric_piano,c3,2
41,0,electric_piano,c3,2
40,0,electric_piano,c3,2
40,1,electric_piano,d3,2
40,0,electric_piano,cs3,2
41,0,electric_piano,cs3,2
42,0,electric_piano,cs3,2
43,0,electric_piano,cs3,2
44,0,electric_piano,cs3,2
45,0,electric_piano,cs3,2
47,0,electric_piano,cs3,2
46,0,electric_piano,cs3,2
47,1,electric_piano,d3,2
46,1,electric_piano,d3,2
45,1,electric_piano,d3,2
44,1,electric_piano,d3,2
43,1,electric_piano,d3,2
42,1,electric_piano,d3,2
41,1,electric_piano,d3,2
40,1,electric_piano,ds3,2
41,1,electric_piano,ds3,2
42,1,electric_piano,ds3,2
43,1,electric_piano,ds3,2
44,1,electric_piano,ds3,2
45,1,electric_piano,ds3,2
46,1,electric_piano,ds3,2
47,1,electric_piano,ds3,2
47,2,electric_piano,e3,2
46,2,electric_piano,e3,2
45,2,electric_piano,e3,2
44,2,electric_piano,e3,2
43,2,electric_piano,e3,2
42,2,electric_piano,e3,2
41,2,electric_piano,e3,2
40,2,electric_piano,e3,2
40,3,electric_piano,f3,2
41,3,electric_piano,f3,2
42,3,electric_piano,f3,2
43,3,electric_piano,f3,2
44,3,electric_piano,f3,2
45,3,electric_piano,f3,2
47,3,electric_piano,f3,2
46,3,electric_piano,f3,2
47,3,electric_piano,fs3,2
46,3,electric_piano,fs3,2
45,3,electric_piano,fs3,2
44,3,electric_piano,fs3,2
43,3,electric_piano,fs3,2
42,3,electric_piano,fs3,2
41,3,electric_piano,fs3,2
40,4,electric_piano,g3,2
40,3,electric_piano,fs3,2
41,4,electric_piano,g3,2
42,4,electric_piano,g3,2
43,4,electric_piano,g3,2
44,4,electric_piano,g3,2
45,4,electric_piano,g3,2
46,4,electric_piano,g3,2
47,4,electric_piano,g3,2
47,4,electric_piano,gs3,2
46,4,electric_piano,gs3,2
45,4,electric_piano,gs3,2
44,4,electric_piano,gs3,2
43,4,electric_piano,gs3,2
42,4,electric_piano,gs3,2
41,4,electric_piano,gs3,2
40,4,electric_piano,gs3,2
47,5,electric_piano,a3,2
46,5,electric_piano,a3,2
45,5,electric_piano,a3,2
44,5,electric_piano,a3,2
43,5,electric_piano,a3,2
42,5,electric_piano,a3,2
40,5,electric_piano,a3,2
41,5,electric_piano,a3,2
40,5,electric_piano,as3,2
41,5,electric_piano,as3,2
42,5,electric_piano,as3,2
43,5,electric_piano,as3,2
44,5,electric_piano,as3,2
45,5,electric_piano,as3,2
46,5,electric_piano,as3,2
47,5,electric_piano,as3,2
47,6,electric_piano,b3,2
46,6,electric_piano,b3,2
45,6,electric_piano,b3,2
44,6,electric_piano,b3,2
43,6,electric_piano,b3,2
42,6,electric_piano,b3,2
41,6,electric_piano,b3,2
40,6,electric_piano,b3,2
40,0,electric_piano,cs4,2
41,0,electric_piano,cs4,2
40,0,electric_piano,c4,2
42,0,electric_piano,c4,2
43,0,electric_piano,c4,2
41,0,electric_piano,c4,2
44,0,electric_piano,c4,2
45,0,electric_piano,c4,2
46,0,electric_piano,c4,2
47,0,electric_piano,c4,2
47,0,electric_piano,cs4,2
46,0,electric_piano,cs4,2
45,0,electric_piano,cs4,2
44,0,electric_piano,cs4,2
43,0,electric_piano,cs4,2
42,0,electric_piano,cs4,2
40,1,electric_piano,d4,2
41,1,electric_piano,d4,2
42,1,electric_piano,d4,2
44,1,electric_piano,d4,2
43,1,electric_piano,d4,2
47,1,electric_piano,d4,2
46,1,electric_piano,d4,2
45,1,electric_piano,d4,2
47,1,electric_piano,ds4,2
46,1,electric_piano,ds4,2
45,1,electric_piano,ds4,2
44,1,electric_piano,ds4,2
43,1,electric_piano,ds4,2
42,1,electric_piano,ds4,2
41,1,electric_piano,ds4,2
40,1,electric_piano,ds4,2
40,2,electric_piano,e4,2
41,2,electric_piano,e4,2
42,2,electric_piano,e4,2
43,2,electric_piano,e4,2
44,2,electric_piano,e4,2
45,2,electric_piano,e4,2
46,2,electric_piano,e4,2
47,2,electric_piano,e4,2
47,3,electric_piano,f4,2
46,3,electric_piano,f4,2
45,3,electric_piano,f4,2
44,3,electric_piano,f4,2
43,3,electric_piano,f4,2
42,3,electric_piano,f4,2
41,3,electric_piano,f4,2
40,3,electric_piano,f4,2
40,3,electric_piano,fs4,2
41,3,electric_piano,fs4,2
42,3,electric_piano,fs4,2
43,3,electric_piano,fs4,2
44,3,electric_piano,fs4,2
45,3,electric_piano,fs4,2
46,3,electric_piano,fs4,2
47,3,electric_piano,fs4,2
47,4,electric_piano,g4,2
46,4,electric_piano,g4,2
45,4,electric_piano,g4,2
44,4,electric_piano,g4,2
43,4,electric_piano,g4,2
42,4,electric_piano,g4,2
41,4,electric_piano,g4,2
40,4,electric_piano,g4,2
40,4,electric_piano,gs4,2
41,4,electric_piano,gs4,2
42,4,electric_piano,gs4,2
43,4,electric_piano,gs4,2
44,4,electric_piano,gs4,2
45,4,electric_piano,gs4,2
46,4,electric_piano,gs4,2
47,4,electric_piano,gs4,2
47,5,electric_piano,a4,2
46,5,electric_piano,a4,2
45,5,electric_piano,a4,2
44,5,electric_piano,a4,2
43,5,electric_piano,a4,2
42,5,electric_piano,a4,2
41,5,electric_piano,a4,2
40,5,electric_piano,a4,2
40,5,electric_piano,as4,2
41,5,electric_piano,as4,2
42,5,electric_piano,as4,2
43,5,electric_piano,as4,2
44,5,electric_piano,as4,2
45,5,electric_piano,as4,2
46,5,electric_piano,as4,2
47,5,electric_piano,as4,2
47,6,electric_piano,b4,2
46,6,electric_piano,b4,2
45,6,electric_piano,b4,2
44,6,electric_piano,b4,2
43,6,electric_piano,b4,2
42,6,electric_piano,b4,2
41,6,electric_piano,b4,2
40,6,electric_piano,b4,2
40,0,electric_piano,c5,2
41,0,electric_piano,c5,2
42,0,electric_piano,c5,2
43,0,electric_piano,c5,2
44,0,electric_piano,c5,2
45,0,electric_piano,c5,2
46,0,electric_piano,c5,2
47,0,electric_piano,c5,2
47,0,electric_piano,cs5,2
46,0,electric_piano,cs5,2
45,0,electric_piano,cs5,2
44,0,electric_piano,cs5,2
43,0,electric_piano,cs5,2
42,0,electric_piano,cs5,2
41,0,electric_piano,cs5,2
40,0,electric_piano,cs5,2
40,1,electric_piano,d5,2
41,1,electric_piano,d5,2
42,1,electric_piano,d5,2
44,1,electric_piano,d5,2
43,1,electric_piano,d5,2
45,1,electric_piano,d5,2
46,1,electric_piano,d5,2
47,1,electric_piano,d5,2
40,1,electric_piano,ds5,2
41,2,electric_piano,e5,2
41,1,electric_piano,ds5,2
42,1,electric_piano,ds5,2
43,1,electric_piano,ds5,2
44,1,electric_piano,ds5,2
45,1,electric_piano,ds5,2
46,1,electric_piano,ds5,2
47,1,electric_piano,ds5,2
47,2,electric_piano,e5,2
46,2,electric_piano,e5,2
45,2,electric_piano,e5,2
44,2,electric_piano,e5,2
43,2,electric_piano,e5,2
42,2,electric_piano,e5,2
42,3,electric_piano,f5,2
43,3,electric_piano,f5,2
44,3,electric_piano,f5,2
45,3,electric_piano,f5,2
46,3,electric_piano,f5,2
47,3,electric_piano,f5,2
47,3,electric_piano,fs5,2
46,3,electric_piano,fs5,2
45,3,electric_piano,fs5,2
44,3,electric_piano,fs5,2
43,3,electric_piano,fs5,2
44,4,electric_piano,g5,2
45,4,electric_piano,g5,2
46,4,electric_piano,g5,2
47,4,electric_piano,g5,2
47,4,electric_piano,gs5,2
46,4,electric_piano,gs5,2
45,4,electric_piano,gs5,2
46,5,electric_piano,a5,2
47,5,electric_piano,a5,2
47,5,electric_piano,as5,2
32,4,electric_piano,gs4,2
33,5,electric_piano,a4,2
34,5,electric_piano,as4,2
35,6,electric_piano,b4,2
36,0,electric_piano,c5,2
37,0,electric_piano,cs5,2
38,1,electric_piano,d5,2
39,1,electric_piano,ds5,2
40,2,electric_piano,e5,2
41,3,electric_piano,f5,2
42,3,electric_piano,fs5,2
43,4,electric_piano,g5,2
44,4,electric_piano,gs5,2
45,5,electric_piano,a5,2
46,5,electric_piano,as5,2
47,6,electric_piano,b5,2
48,0,electric_piano,c6,2
49,0,electric_piano,cs6,2
50,1,electric_piano,d6,2
51,1,electric_piano,ds6,2
52,2,electric_piano,e6,2
53,3,electric_piano,f6,2
54,3,electric_piano,fs6,2
55,4,electric_piano,g6,2
56,4,electric_piano,gs6,2
57,5,electric_piano,a6,2
58,5,electric_piano,as6,2
59,6,electric_piano,b6,2
60,0,electric_piano,c7,2
61,0,electric_piano,cs7,2
62,1,electric_piano,d7,2
63,1,electric_piano,ds7,2
64,2,electric_piano,e7,2
65,3,electric_piano,f7,2
66,3,electric_piano,fs7,2
67,4,electric_piano,g7,2
68,4,electric_piano,gs7,2
69,5,electric_piano,a7,2
70,5,electric_piano,as7,2
71,6,electric_piano,b7,2
4,0,electric_piano,cs2,2
48,0,electric_piano,c2,2
49,0,electric_piano,c2,2
50,0,electric_piano,c2,2
51,0,electric_piano,c2,2
52,0,electric_piano,c2,2
53,0,electric_piano,c2,2
54,0,electric_piano,c2,2
55,0,electric_piano,c2,2
55,0,electric_piano,cs2,2
54,0,electric_piano,cs2,2
53,0,electric_piano,cs2,2
51,0,electric_piano,cs2,2
52,0,electric_piano,cs2,2
50,0,electric_piano,cs2,2
49,0,electric_piano,cs2,2
48,0,electric_piano,cs2,2
48,1,electric_piano,d2,2
49,1,electric_piano,d2,2
50,1,electric_piano,d2,2
51,1,electric_piano,d2,2
52,1,electric_piano,d2,2
53,1,electric_piano,d2,2
54,1,electric_piano,d2,2
55,1,electric_piano,d2,2
55,1,electric_piano,ds2,2
54,1,electric_piano,ds2,2
53,1,electric_piano,ds2,2
52,1,electric_piano,ds2,2
51,1,electric_piano,ds2,2
50,1,electric_piano,ds2,2
49,1,electric_piano,ds2,2
48,1,electric_piano,ds2,2
48,2,electric_piano,e2,2
49,2,electric_piano,e2,2
50,2,electric_piano,e2,2
51,2,electric_piano,e2,2
52,2,electric_piano,e2,2
53,2,electric_piano,e2,2
54,2,electric_piano,e2,2
55,2,electric_piano,e2,2
55,3,electric_piano,f2,2
54,3,electric_piano,f2,2
53,3,electric_piano,f2,2
52,3,electric_piano,f2,2
51,3,electric_piano,f2,2
50,3,electric_piano,f2,2
49,3,electric_piano,f2,2
48,3,electric_piano,f2,2
48,3,electric_piano,fs2,2
49,3,electric_piano,fs2,2
50,3,electric_piano,fs2,2
51,3,electric_piano,fs2,2
52,3,electric_piano,fs2,2
53,3,electric_piano,fs2,2
54,3,electric_piano,fs2,2
55,3,electric_piano,fs2,2
55,4,electric_piano,gs2,2
55,4,electric_piano,g2,2
54,4,electric_piano,g2,2
53,4,electric_piano,g2,2
52,4,electric_piano,g2,2
51,4,electric_piano,g2,2
50,4,electric_piano,g2,2
49,4,electric_piano,g2,2
48,4,electric_piano,g2,2
48,4,electric_piano,gs2,2
49,4,electric_piano,gs2,2
50,4,electric_piano,gs2,2
51,4,electric_piano,gs2,2
52,4,electric_piano,gs2,2
53,4,electric_piano,gs2,2
54,4,electric_piano,gs2,2
55,5,electric_piano,a2,2
54,5,electric_piano,a2,2
53,5,electric_piano,a2,2
52,5,electric_piano,a2,2
51,5,electric_piano,a2,2
50,5,electric_piano,a2,2
49,5,electric_piano,a2,2
48,5,electric_piano,a2,2
48,5,electric_piano,as2,2
49,5,electric_piano,as2,2
50,5,electric_piano,as2,2
51,5,electric_piano,as2,2
52,5,electric_piano,as2,2
53,5,electric_piano,as2,2
54,5,electric_piano,as2,2
55,5,electric_piano,as2,2
55,6,electric_piano,b2,2
54,6,electric_piano,b2,2
53,6,electric_piano,b2,2
52,6,electric_piano,b2,2
51,6,electric_piano,b2,2
50,6,electric_piano,b2,2
49,6,electric_piano,b2,2
48,6,electric_piano,b2,2
48,0,electric_piano,c3,2
49,0,electric_piano,c3,2
50,0,electric_piano,c3,2
51,0,electric_piano,c3,2
52,0,electric_piano,c3,2
53,0,electric_piano,c3,2
54,0,electric_piano,c3,2
55,0,electric_piano,c3,2
55,0,electric_piano,cs3,2
54,0,electric_piano,cs3,2
53,0,electric_piano,cs3,2
52,0,electric_piano,cs3,2
51,0,electric_piano,cs3,2
50,0,electric_piano,cs3,2
49,0,electric_piano,cs3,2
48,0,electric_piano,cs3,2
48,1,electric_piano,d3,2
49,1,electric_piano,d3,2
50,1,electric_piano,d3,2
51,1,electric_piano,d3,2
52,1,electric_piano,d3,2
53,1,electric_piano,d3,2
54,1,electric_piano,d3,2
55,1,electric_piano,d3,2
55,1,electric_piano,ds3,2
54,1,electric_piano,ds3,2
53,1,electric_piano,ds3,2
52,1,electric_piano,ds3,2
51,1,electric_piano,ds3,2
50,1,electric_piano,ds3,2
49,1,electric_piano,ds3,2
48,1,electric_piano,ds3,2
48,2,electric_piano,e3,2
49,2,electric_piano,e3,2
51,2,electric_piano,e3,2
50,2,electric_piano,e3,2
52,2,electric_piano,e3,2
53,2,electric_piano,e3,2
55,2,electric_piano,e3,2
54,2,electric_piano,e3,2
55,3,electric_piano,f3,2
54,3,electric_piano,f3,2
53,3,electric_piano,f3,2
52,3,electric_piano,f3,2
51,3,electric_piano,f3,2
50,3,electric_piano,f3,2
49,3,electric_piano,f3,2
48,3,electric_piano,f3,2
48,3,electric_piano,fs3,2
49,3,electric_piano,fs3,2
50,3,electric_piano,fs3,2
51,3,electric_piano,fs3,2
52,3,electric_piano,fs3,2
53,3,electric_piano,fs3,2
54,3,electric_piano,fs3,2
55,3,electric_piano,fs3,2
55,4,electric_piano,g3,2
54,4,electric_piano,g3,2
53,4,electric_piano,g3,2
52,4,electric_piano,g3,2
51,4,electric_piano,g3,2
50,4,electric_piano,g3,2
49,4,electric_piano,g3,2
48,4,electric_piano,g3,2
48,5,electric_piano,a3,2
49,4,electric_piano,gs3,2
48,4,electric_piano,gs3,2
50,4,electric_piano,gs3,2
51,4,electric_piano,gs3,2
52,4,electric_piano,gs3,2
53,4,electric_piano,gs3,2
55,4,electric_piano,gs3,2
54,4,electric_piano,gs3,2
55,5,electric_piano,a3,2
54,5,electric_piano,a3,2
53,5,electric_piano,a3,2
52,5,electric_piano,a3,2
51,5,electric_piano,a3,2
50,5,electric_piano,a3,2
49,5,electric_piano,a3,2
48,5,electric_piano,as3,2
49,5,electric_piano,as3,2
50,5,electric_piano,as3,2
51,5,electric_piano,as3,2
52,5,electric_piano,as3,2
53,5,electric_piano,as3,2
54,5,electric_piano,as3,2
55,5,electric_piano,as3,2
55,6,electric_piano,b3,2
54,6,electric_piano,b3,2
53,6,electric_piano,b3,2
52,6,electric_piano,b3,2
51,6,electric_piano,b3,2
50,6,electric_piano,b3,2
49,6,electric_piano,b3,2
48,6,electric_piano,b3,2
48,0,electric_piano,c4,2
49,0,electric_piano,c4,2
50,0,electric_piano,c4,2
51,0,electric_piano,c4,2
52,0,electric_piano,c4,2
53,0,electric_piano,c4,2
54,0,electric_piano,c4,2
55,0,electric_piano,c4,2
55,0,electric_piano,cs4,2
54,0,electric_piano,cs4,2
53,0,electric_piano,cs4,2
52,0,electric_piano,cs4,2
51,0,electric_piano,cs4,2
50,0,electric_piano,cs4,2
49,0,electric_piano,cs4,2
48,0,electric_piano,cs4,2
48,1,electric_piano,d4,2
49,1,electric_piano,d4,2
50,1,electric_piano,d4,2
51,1,electric_piano,d4,2
52,1,electric_piano,d4,2
53,1,electric_piano,d4,2
54,1,electric_piano,d4,2
55,1,electric_piano,d4,2
55,1,electric_piano,ds4,2
54,1,electric_piano,ds4,2
53,1,electric_piano,ds4,2
52,1,electric_piano,ds4,2
51,1,electric_piano,ds4,2
50,1,electric_piano,ds4,2
49,1,electric_piano,ds4,2
48,1,electric_piano,ds4,2
48,2,electric_piano,e4,2
49,2,electric_piano,e4,2
50,2,electric_piano,e4,2
51,2,electric_piano,e4,2
52,2,electric_piano,e4,2
53,2,electric_piano,e4,2
55,2,electric_piano,e4,2
54,2,electric_piano,e4,2
55,3,electric_piano,f4,2
54,3,electric_piano,f4,2
53,3,electric_piano,f4,2
52,3,electric_piano,f4,2
51,3,electric_piano,f4,2
50,3,electric_piano,f4,2
49,3,electric_piano,f4,2
48,3,electric_piano,f4,2
48,3,electric_piano,fs4,2
49,3,electric_piano,fs4,2
50,3,electric_piano,fs4,2
51,3,electric_piano,fs4,2
53,3,electric_piano,fs4,2
52,3,electric_piano,fs4,2
54,3,electric_piano,fs4,2
55,3,electric_piano,fs4,2
55,4,electric_piano,gs4,2
55,4,electric_piano,g4,2
54,4,electric_piano,g4,2
53,4,electric_piano,g4,2
52,4,electric_piano,g4,2
51,4,electric_piano,g4,2
50,4,electric_piano,g4,2
49,4,electric_piano,g4,2
48,4,electric_piano,g4,2
48,4,electric_piano,gs4,2
49,4,electric_piano,gs4,2
50,4,electric_piano,gs4,2
51,4,electric_piano,gs4,2
54,4,electric_piano,gs4,2
52,4,electric_piano,gs4,2
53,4,electric_piano,gs4,2
55,5,electric_piano,a4,2
54,5,electric_piano,as4,2
54,5,electric_piano,a4,2
53,5,electric_piano,a4,2
52,5,electric_piano,a4,2
51,5,electric_piano,a4,2
50,5,electric_piano,a4,2
49,5,electric_piano,a4,2
48,5,electric_piano,a4,2
48,5,electric_piano,as4,2
49,5,electric_piano,as4,2
50,5,electric_piano,as4,2
51,5,electric_piano,as4,2
52,5,electric_piano,as4,2
53,5,electric_piano,as4,2
55,5,electric_piano,as4,2
55,6,electric_piano,b4,2
54,6,electric_piano,b4,2
53,6,electric_piano,b4,2
52,6,electric_piano,b4,2
51,6,electric_piano,b4,2
50,6,electric_piano,b4,2
49,6,electric_piano,b4,2
48,6,electric_piano,b4,2
48,0,electric_piano,c5,2
49,0,electric_piano,c5,2
50,0,electric_piano,c5,2
51,0,electric_piano,c5,2
52,0,electric_piano,c5,2
53,0,electric_piano,c5,2
54,0,electric_piano,c5,2
55,0,electric_piano,c5,2
55,0,electric_piano,cs5,2
54,0,electric_piano,cs5,2
53,0,electric_piano,cs5,2
52,0,electric_piano,cs5,2
51,0,electric_piano,cs5,2
50,0,electric_piano,cs5,2
49,0,electric_piano,cs5,2
48,0,electric_piano,cs5,2
48,1,electric_piano,d5,2
49,1,electric_piano,d5,2
50,1,electric_piano,d5,2
51,1,electric_piano,d5,2
52,1,electric_piano,d5,2
53,1,electric_piano,d5,2
54,1,electric_piano,d5,2
55,1,electric_piano,d5,2
55,1,electric_piano,ds5,2
54,1,electric_piano,ds5,2
53,1,electric_piano,ds5,2
52,1,electric_piano,ds5,2
51,1,electric_piano,ds5,2
50,1,electric_piano,ds5,2
49,1,electric_piano,ds5,2
48,1,electric_piano,ds5,2
48,2,electric_piano,e5,2
49,2,electric_piano,e5,2
50,2,electric_piano,e5,2
51,2,electric_piano,e5,2
53,2,electric_piano,e5,2
52,2,electric_piano,e5,2
54,2,electric_piano,e5,2
55,2,electric_piano,e5,2
55,3,electric_piano,f5,2
54,3,electric_piano,f5,2
53,3,electric_piano,f5,2
51,3,electric_piano,f5,2
52,3,electric_piano,f5,2
50,3,electric_piano,f5,2
49,3,electric_piano,f5,2
48,3,electric_piano,f5,2
48,3,electric_piano,fs5,2
49,3,electric_piano,fs5,2
50,3,electric_piano,fs5,2
51,3,electric_piano,fs5,2
52,3,electric_piano,fs5,2
53,3,electric_piano,fs5,2
54,3,electric_piano,fs5,2
55,3,electric_piano,fs5,2
55,4,electric_piano,g5,2
54,4,electric_piano,g5,2
53,4,electric_piano,g5,2
52,4,electric_piano,g5,2
51,4,electric_piano,g5,2
50,4,electric_piano,g5,2
49,4,electric_piano,g5,2
48,4,electric_piano,g5,2
48,4,electric_piano,gs5,2
49,4,electric_piano,gs5,2
50,4,electric_piano,gs5,2
51,4,electric_piano,gs5,2
52,4,electric_piano,gs5,2
53,4,electric_piano,gs5,2
54,4,electric_piano,gs5,2
55,4,electric_piano,gs5,2
55,5,electric_piano,a5,2
54,5,electric_piano,a5,2
53,5,electric_piano,a5,2
52,5,electric_piano,a5,2
51,5,electric_piano,a5,2
50,5,electric_piano,a5,2
49,5,electric_piano,a5,2
48,5,electric_piano,a5,2
48,5,electric_piano,as5,2
49,5,electric_piano,as5,2
50,5,electric_piano,as5,2
51,5,electric_piano,as5,2
52,5,electric_piano,as5,2
53,5,electric_piano,as5,2
54,5,electric_piano,as5,2
55,5,electric_piano,as5,2
55,6,electric_piano,b5,2
54,6,electric_piano,b5,2
53,6,electric_piano,b5,2
52,6,electric_piano,b5,2
51,6,electric_piano,b5,2
50,6,electric_piano,b5,2
49,6,electric_piano,b5,2
48,6,electric_piano,b5,2
49,0,electric_piano,c6,2
50,0,electric_piano,c6,2
51,0,electric_piano,c6,2
52,0,electric_piano,c6,2
53,0,electric_piano,c6,2
54,0,electric_piano,c6,2
55,0,electric_piano,c6,2
55,0,electric_piano,cs6,2
54,0,electric_piano,cs6,2
53,0,electric_piano,cs6,2
52,0,electric_piano,cs6,2
51,0,electric_piano,cs6,2
50,0,electric_piano,cs6,2
51,1,electric_piano,d6,2
52,1,electric_piano,d6,2
53,1,electric_piano,d6,2
54,1,electric_piano,d6,2
55,1,electric_piano,d6,2
55,1,electric_piano,ds6,2
54,1,electric_piano,ds6,2
53,1,electric_piano,ds6,2
52,1,electric_piano,ds6,2
53,2,electric_piano,e6,2
54,2,electric_piano,e6,2
55,2,electric_piano,e6,2
55,3,electric_piano,f6,2
54,3,electric_piano,f6,2
55,3,electric_piano,fs6,2
22,5,electric_piano,as3,2
21,5,electric_piano,a3,2
20,4,electric_piano,gs3,2
19,4,electric_piano,g3,2
18,3,electric_piano,fs3,2
17,3,electric_piano,f3,2
16,2,electric_piano,e3,2
15,1,electric_piano,ds3,2
14,1,electric_piano,d3,2
13,0,electric_piano,cs3,2
12,0,electric_piano,c3,2
11,6,electric_piano,b2,2
10,5,electric_piano,as2,2
9,5,electric_piano,a2,2
8,4,electric_piano,gs2,2
7,4,electric_piano,g2,2
6,3,electric_piano,fs2,2
5,3,electric_piano,f2,2
4,2,electric_piano,e2,2
3,1,electric_piano,ds2,2
2,1,electric_piano,d2,2
1,0,electric_piano,cs2,2
0,0,electric_piano,c2,2
56,4,electric_piano,g6,2
57,4,electric_piano,gs6,2
58,5,electric_piano,a6,2
59,5,electric_piano,as6,2
60,6,electric_piano,b6,2
61,0,electric_piano,c7,2
62,0,electric_piano,cs7,2
63,1,electric_piano,d7,2
63,0,electric_piano,cs7,2
63,0,electric_piano,c7,2
62,0,electric_piano,c7,2
63,6,electric_piano,b6,2
62,6,electric_piano,b6,2
61,6,electric_piano,b6,2
56,3,electric_piano,fs6,2
57,4,electric_piano,g6,2
58,4,electric_piano,gs6,2
59,5,electric_piano,a6,2
60,5,electric_piano,as6,2
56,3,electric_piano,f6,2
57,3,electric_piano,fs6,2
58,4,electric_piano,g6,2
59,4,electric_piano,gs6,2
60,5,electric_piano,a6,2
61,5,electric_piano,as6,2
62,5,electric_piano,as6,2
56,2,electric_piano,e6,2
57,3,electric_piano,f6,2
58,3,electric_piano,fs6,2
59,4,electric_piano,g6,2
60,4,electric_piano,gs6,2
61,5,electric_piano,a6,2
62,5,electric_piano,a6,2
63,5,electric_piano,as6,2
56,1,electric_piano,ds6,2
57,2,electric_piano,e6,2
58,3,electric_piano,f6,2
59,3,electric_piano,fs6,2
60,4,electric_piano,g6,2
61,4,electric_piano,gs6,2
56,1,electric_piano,d6,2
57,1,electric_piano,ds6,2
58,2,electric_piano,e6,2
59,3,electric_piano,f6,2
60,3,electric_piano,fs6,2
61,4,electric_piano,g6,2
62,4,electric_piano,gs6,2
63,5,electric_piano,a6,2
56,0,electric_piano,cs6,2
57,0,electric_piano,cs6,2
58,0,electric_piano,cs6,2
59,0,electric_piano,cs6,2
60,0,electric_piano,cs6,2
61,0,electric_piano,cs6,2
62,0,electric_piano,cs6,2
63,0,electric_piano,cs6,2
63,1,electric_piano,d6,2
62,1,electric_piano,d6,2
61,1,electric_piano,d6,2
60,1,electric_piano,d6,2
59,1,electric_piano,d6,2
58,1,electric_piano,d6,2
57,1,electric_piano,d6,2
58,1,electric_piano,ds6,2
59,1,electric_piano,ds6,2
60,1,electric_piano,ds6,2
61,1,electric_piano,ds6,2
62,1,electric_piano,ds6,2
63,1,electric_piano,ds6,2
63,2,electric_piano,e6,2
62,2,electric_piano,e6,2
61,2,electric_piano,e6,2
60,2,electric_piano,e6,2
59,2,electric_piano,e6,2
60,3,electric_piano,f6,2
61,3,electric_piano,f6,2
62,3,electric_piano,f6,2
63,3,electric_piano,f6,2
63,3,electric_piano,fs6,2
62,3,electric_piano,fs6,2
61,3,electric_piano,fs6,2
62,4,electric_piano,g6,2
63,4,electric_piano,g6,2
63,4,electric_piano,gs6,2
63,0,electric_piano,c2,2
62,0,electric_piano,c2,2
61,0,electric_piano,c2,2
60,0,electric_piano,c2,2
59,0,electric_piano,c2,2
58,0,electric_piano,c2,2
57,0,electric_piano,c2,2
56,0,electric_piano,c2,2
56,0,electric_piano,cs2,2
57,0,electric_piano,cs2,2
58,0,electric_piano,cs2,2
59,0,electric_piano,cs2,2
60,0,electric_piano,cs2,2
61,0,electric_piano,cs2,2
62,0,electric_piano,cs2,2
63,0,electric_piano,cs2,2
63,1,electric_piano,d2,2
62,1,electric_piano,d2,2
61,1,electric_piano,d2,2
60,1,electric_piano,d2,2
59,1,electric_piano,d2,2
58,1,electric_piano,d2,2
57,1,electric_piano,d2,2
56,1,electric_piano,d2,2
56,1,electric_piano,ds2,2
58,1,electric_piano,ds2,2
57,1,electric_piano,ds2,2
59,1,electric_piano,ds2,2
60,1,electric_piano,ds2,2
61,1,electric_piano,ds2,2
62,1,electric_piano,ds2,2
63,1,electric_piano,ds2,2
63,2,electric_piano,e2,2
62,2,electric_piano,e2,2
61,2,electric_piano,e2,2
60,2,electric_piano,e2,2
59,2,electric_piano,e2,2
58,2,electric_piano,e2,2
57,2,electric_piano,e2,2
56,2,electric_piano,e2,2
56,3,electric_piano,f2,2
57,3,electric_piano,f2,2
58,3,electric_piano,f2,2
59,3,electric_piano,f2,2
60,3,electric_piano,f2,2
61,3,electric_piano,f2,2
62,3,electric_piano,f2,2
63,3,electric_piano,f2,2
63,3,electric_piano,fs2,2
62,3,electric_piano,fs2,2
61,3,electric_piano,fs2,2
60,3,electric_piano,fs2,2
59,3,electric_piano,fs2,2
58,3,electric_piano,fs2,2
57,3,electric_piano,fs2,2
56,3,electric_piano,fs2,2
56,4,electric_piano,g2,2
57,4,electric_piano,g2,2
58,4,electric_piano,g2,2
59,4,electric_piano,g2,2
60,4,electric_piano,g2,2
61,4,electric_piano,g2,2
62,4,electric_piano,g2,2
63,4,electric_piano,g2,2
63,4,electric_piano,gs2,2
61,4,electric_piano,gs2,2
62,4,electric_piano,gs2,2
60,4,electric_piano,gs2,2
59,4,electric_piano,gs2,2
58,4,electric_piano,gs2,2
57,4,electric_piano,gs2,2
56,5,electric_piano,a2,2
56,4,electric_piano,gs2,2
57,5,electric_piano,a2,2
58,5,electric_piano,a2,2
59,5,electric_piano,a2,2
60,5,electric_piano,a2,2
61,5,electric_piano,a2,2
62,5,electric_piano,a2,2
63,5,electric_piano,a2,2
63,5,electric_piano,as2,2
62,5,electric_piano,as2,2
61,5,electric_piano,as2,2
60,5,electric_piano,as2,2
59,5,electric_piano,as2,2
58,5,electric_piano,as2,2
57,5,electric_piano,as2,2
56,5,electric_piano,as2,2
56,6,electric_piano,b2,2
57,6,electric_piano,b2,2
58,6,electric_piano,b2,2
59,6,electric_piano,b2,2
60,6,electric_piano,b2,2
61,6,electric_piano,b2,2
62,6,electric_piano,b2,2
63,6,electric_piano,b2,2
63,0,electric_piano,c3,2
62,0,electric_piano,c3,2
61,0,electric_piano,c3,2
60,0,electric_piano,c3,2
59,0,electric_piano,cs3,2
59,0,electric_piano,c3,2
58,0,electric_piano,c3,2
57,0,electric_piano,c3,2
56,0,electric_piano,c3,2
56,0,electric_piano,cs3,2
57,0,electric_piano,cs3,2
58,0,electric_piano,cs3,2
60,0,electric_piano,cs3,2
61,0,electric_piano,cs3,2
62,0,electric_piano,cs3,2
63,0,electric_piano,cs3,2
63,1,electric_piano,d3,2
62,1,electric_piano,d3,2
61,1,electric_piano,d3,2
60,1,electric_piano,d3,2
59,1,electric_piano,d3,2
58,1,electric_piano,d3,2
57,1,electric_piano,d3,2
56,1,electric_piano,d3,2
63,1,electric_piano,ds3,2
62,1,electric_piano,ds3,2
61,1,electric_piano,ds3,2
60,1,electric_piano,ds3,2
59,1,electric_piano,ds3,2
58,1,electric_piano,ds3,2
57,1,electric_piano,ds3,2
56,1,electric_piano,ds3,2
56,2,electric_piano,e3,2
57,2,electric_piano,e3,2
58,2,electric_piano,e3,2
59,2,electric_piano,e3,2
60,2,electric_piano,e3,2
61,2,electric_piano,e3,2
62,2,electric_piano,e3,2
63,2,electric_piano,e3,2
63,3,electric_piano,f3,2
62,3,electric_piano,f3,2
61,3,electric_piano,f3,2
60,3,electric_piano,f3,2
59,3,electric_piano,f3,2
58,3,electric_piano,f3,2
57,3,electric_piano,f3,2
56,3,electric_piano,f3,2
56,3,electric_piano,fs3,2
57,3,electric_piano,fs3,2
58,3,electric_piano,fs3,2
59,3,electric_piano,fs3,2
60,3,electric_piano,fs3,2
61,3,electric_piano,fs3,2
62,3,electric_piano,fs3,2
63,3,electric_piano,fs3,2
63,4,electric_piano,g3,2
62,4,electric_piano,g3,2
61,4,electric_piano,g3,2
60,4,electric_piano,g3,2
59,4,electric_piano,g3,2
58,4,electric_piano,g3,2
57,4,electric_piano,g3,2
56,4,electric_piano,g3,2
56,4,electric_piano,gs3,2
58,4,electric_piano,gs3,2
57,4,electric_piano,gs3,2
59,4,electric_piano,gs3,2
60,4,electric_piano,gs3,2
61,4,electric_piano,gs3,2
63,4,electric_piano,gs3,2
62,4,electric_piano,gs3,2
63,5,electric_piano,a3,2
62,5,electric_piano,a3,2
61,5,electric_piano,a3,2
60,5,electric_piano,a3,2
59,5,electric_piano,a3,2
58,5,electric_piano,a3,2
57,5,electric_piano,a3,2
56,5,electric_piano,a3,2
63,5,electric_piano,as3,2
62,5,electric_piano,as3,2
61,5,electric_piano,as3,2
60,5,electric_piano,as3,2
59,5,electric_piano,as3,2
58,5,electric_piano,as3,2
57,5,electric_piano,as3,2
56,5,electric_piano,as3,2
56,6,electric_piano,b3,2
57,6,electric_piano,b3,2
58,6,electric_piano,b3,2
59,6,electric_piano,b3,2
60,6,electric_piano,b3,2
61,6,electric_piano,b3,2
62,6,electric_piano,b3,2
63,6,electric_piano,b3,2
63,0,electric_piano,c4,2
62,0,electric_piano,c4,2
61,0,electric_piano,c4,2
60,0,electric_piano,c4,2
59,0,electric_piano,c4,2
58,0,electric_piano,c4,2
57,0,electric_piano,c4,2
56,0,electric_piano,cs4,2
56,0,electric_piano,c4,2
57,0,electric_piano,cs4,2
58,0,electric_piano,cs4,2
59,0,electric_piano,cs4,2
60,0,electric_piano,cs4,2
61,0,electric_piano,cs4,2
62,0,electric_piano,cs4,2
63,0,electric_piano,cs4,2
63,1,electric_piano,d4,2
62,1,electric_piano,d4,2
61,1,electric_piano,d4,2
60,1,electric_piano,d4,2
59,1,electric_piano,d4,2
58,1,electric_piano,d4,2
56,1,electric_piano,d4,2
57,1,electric_piano,d4,2
56,1,electric_piano,ds4,2
57,1,electric_piano,ds4,2
58,1,electric_piano,ds4,2
59,1,electric_piano,ds4,2
60,1,electric_piano,ds4,2
61,1,electric_piano,ds4,2
62,1,electric_piano,ds4,2
63,1,electric_piano,ds4,2
63,2,electric_piano,e4,2
62,2,electric_piano,e4,2
61,2,electric_piano,e4,2
60,2,electric_piano,e4,2
59,2,electric_piano,e4,2
58,2,electric_piano,e4,2
57,2,electric_piano,e4,2
56,2,electric_piano,e4,2
56,3,electric_piano,f4,2
57,3,electric_piano,f4,2
58,3,electric_piano,f4,2
59,3,electric_piano,f4,2
60,3,electric_piano,f4,2
61,3,electric_piano,f4,2
62,3,electric_piano,f4,2
63,3,electric_piano,f4,2
63,3,electric_piano,fs4,2
62,3,electric_piano,fs4,2
61,3,electric_piano,fs4,2
60,3,electric_piano,fs4,2
59,3,electric_piano,fs4,2
58,3,electric_piano,fs4,2
57,3,electric_piano,fs4,2
56,3,electric_piano,fs4,2
56,4,electric_piano,g4,2
57,4,electric_piano,g4,2
58,4,electric_piano,g4,2
59,4,electric_piano,g4,2
60,4,electric_piano,g4,2
61,4,electric_piano,g4,2
62,4,electric_piano,g4,2
63,4,electric_piano,g4,2
63,4,electric_piano,gs4,2
62,4,electric_piano,gs4,2
61,4,electric_piano,gs4,2
60,4,electric_piano,gs4,2
59,4,electric_piano,gs4,2
58,4,electric_piano,gs4,2
57,4,electric_piano,gs4,2
56,4,electric_piano,gs4,2
56,5,electric_piano,a4,2
57,5,electric_piano,a4,2
58,5,electric_piano,a4,2
59,5,electric_piano,a4,2
60,5,electric_piano,a4,2
62,5,electric_piano,a4,2
61,5,electric_piano,a4,2
63,5,electric_piano,a4,2
63,5,electric_piano,as4,2
62,5,electric_piano,as4,2
61,5,electric_piano,as4,2
60,5,electric_piano,as4,2
59,5,electric_piano,as4,2
58,5,electric_piano,as4,2
57,5,electric_piano,as4,2
56,5,electric_piano,as4,2
56,6,electric_piano,b4,2
57,6,electric_piano,b4,2
58,6,electric_piano,b4,2
59,6,electric_piano,b4,2
60,6,electric_piano,b4,2
61,6,electric_piano,b4,2
63,0,electric_piano,c5,2
62,6,electric_piano,b4,2
63,6,electric_piano,b4,2
62,0,electric_piano,c5,2
61,0,electric_piano,c5,2
60,0,electric_piano,c5,2
59,0,electric_piano,c5,2
58,0,electric_piano,c5,2
57,0,electric_piano,c5,2
56,0,electric_piano,c5,2
56,0,electric_piano,cs5,2
57,0,electric_piano,cs5,2
58,0,electric_piano,cs5,2
59,0,electric_piano,cs5,2
60,0,electric_piano,cs5,2
61,0,electric_piano,cs5,2
62,0,electric_piano,cs5,2
63,0,electric_piano,cs5,2
63,1,electric_piano,d5,2
62,1,electric_piano,d5,2
61,1,electric_piano,d5,2
60,1,electric_piano,d5,2
59,1,electric_piano,d5,2
58,1,electric_piano,d5,2
57,1,electric_piano,d5,2
56,1,electric_piano,d5,2
56,1,electric_piano,ds5,2
57,1,electric_piano,ds5,2
58,1,electric_piano,ds5,2
59,1,electric_piano,ds5,2
60,1,electric_piano,ds5,2
61,1,electric_piano,ds5,2
62,1,electric_piano,ds5,2
63,1,electric_piano,ds5,2
63,2,electric_piano,e5,2
62,2,electric_piano,e5,2
61,2,electric_piano,e5,2
60,2,electric_piano,e5,2
59,2,electric_piano,e5,2
58,2,electric_piano,e5,2
57,2,electric_piano,e5,2
56,2,electric_piano,e5,2
56,3,electric_piano,f5,2
57,3,electric_piano,f5,2
58,3,electric_piano,f5,2
59,3,electric_piano,f5,2
60,3,electric_piano,f5,2
61,3,electric_piano,f5,2
62,3,electric_piano,f5,2
63,3,electric_piano,f5,2
63,3,electric_piano,fs5,2
62,3,electric_piano,fs5,2
61,3,electric_piano,fs5,2
60,3,electric_piano,fs5,2
59,3,electric_piano,fs5,2
58,3,electric_piano,fs5,2
57,3,electric_piano,fs5,2
56,3,electric_piano,fs5,2
56,4,electric_piano,g5,2
57,4,electric_piano,g5,2
58,4,electric_piano,g5,2
59,4,electric_piano,g5,2
60,4,electric_piano,g5,2
61,4,electric_piano,g5,2
63,4,electric_piano,g5,2
62,4,electric_piano,g5,2
63,4,electric_piano,gs5,2
62,4,electric_piano,gs5,2
61,4,electric_piano,gs5,2
60,4,electric_piano,gs5,2
59,4,electric_piano,gs5,2
58,4,electric_piano,gs5,2
57,4,electric_piano,gs5,2
56,4,electric_piano,gs5,2
56,5,electric_piano,a5,2
57,5,electric_piano,a5,2
58,5,electric_piano,a5,2
56,6,electric_piano,b5,2
56,0,electric_piano,c6,2
56,5,electric_piano,as5,2
57,5,electric_piano,as5,2
58,5,electric_piano,as5,2
59,5,electric_piano,as5,2
60,5,electric_piano,as5,2
61,5,electric_piano,as5,2
62,5,electric_piano,as5,2
63,5,electric_piano,as5,2
63,5,electric_piano,a5,2
62,5,electric_piano,a5,2
61,5,electric_piano,a5,2
60,5,electric_piano,a5,2
59,5,electric_piano,a5,2
57,6,electric_piano,b5,2
58,6,electric_piano,b5,2
59,6,electric_piano,b5,2
60,6,electric_piano,b5,2
62,6,electric_piano,b5,2
63,6,electric_piano,b5,2
61,6,electric_piano,b5,2
63,0,electric_piano,c6,2
62,0,electric_piano,c6,2
61,0,electric_piano,c6,2
60,0,electric_piano,c6,2
59,0,electric_piano,c6,2
57,0,electric_piano,c6,2
58,0,electric_piano,c6,2
71,5,electric_piano,as7,2
71,4,electric_piano,gs7,2
71,5,electric_piano,a7,2
71,4,electric_piano,g7,2
71,3,electric_piano,f7,2
71,2,electric_piano,e7,2
71,3,electric_piano,fs7,2
71,1,electric_piano,d7,2
71,1,electric_piano,ds7,2
71,0,electric_piano,cs7,2
71,0,electric_piano,c7,2
71,5,electric_piano,as6,2
71,6,electric_piano,b6,2
71,4,electric_piano,gs6,2
71,4,electric_piano,g6,2
71,5,electric_piano,a6,2
71,3,electric_piano,fs6,2
71,3,electric_piano,f6,2
71,2,electric_piano,e6,2
71,1,electric_piano,ds6,2
71,1,electric_piano,d6,2
71,0,electric_piano,c6,2
71,0,electric_piano,cs6,2
71,6,electric_piano,b5,2
71,5,electric_piano,a5,2
71,5,electric_piano,as5,2
71,4,electric_piano,g5,2
71,4,electric_piano,gs5,2
71,3,electric_piano,fs5,2
71,3,electric_piano,f5,2
71,2,electric_piano,e5,2
71,1,electric_piano,d5,2
71,1,electric_piano,ds5,2
71,0,electric_piano,cs5,2
71,6,electric_piano,b4,2
71,0,electric_piano,c5,2
71,5,electric_piano,as4,2
71,5,electric_piano,a4,2
71,4,electric_piano,gs4,2
71,4,electric_piano,g4,2
71,3,electric_piano,fs4,2
71,3,electric_piano,f4,2
71,2,electric_piano,e4,2
71,1,electric_piano,d4,2
71,1,electric_piano,ds4,2
71,0,electric_piano,cs4,2
71,0,electric_piano,c4,2
71,6,electric_piano,b3,2
71,5,electric_piano,as3,2
71,5,electric_piano,a3,2
71,4,electric_piano,gs3,2
71,4,electric_piano,g3,2
71,3,electric_piano,fs3,2
71,3,electric_piano,f3,2
71,2,electric_piano,e3,2
71,1,electric_piano,ds3,2
71,1,electric_piano,d3,2
71,0,electric_piano,cs3,2
71,6,electric_piano,b2,2
71,0,electric_piano,c3,2
71,5,electric_piano,a2,2
71,5,electric_piano,as2,2
71,4,electric_piano,gs2,2
71,4,electric_piano,g2,2
71,3,electric_piano,f2,2
71,3,electric_piano,fs2,2
71,2,electric_piano,e2,2
71,1,electric_piano,ds2,2
71,0,electric_piano,cs2,2
71,1,electric_piano,d2,2
71,0,electric_piano,c2,2
70,0,electric_piano,c2,2
69,0,electric_piano,c2,2
68,0,electric_piano,c2,2
67,0,electric_piano,c2,2
66,0,electric_piano,c2,2
65,0,electric_piano,c2,2
64,0,electric_piano,c2,2
64,0,electric_piano,cs2,2
65,0,electric_piano,cs2,2
66,0,electric_piano,cs2,2
68,0,electric_piano,cs2,2
67,0,electric_piano,cs2,2
69,0,electric_piano,cs2,2
70,0,electric_piano,cs2,2
70,1,electric_piano,d2,2
69,1,electric_piano,d2,2
68,1,electric_piano,d2,2
67,1,electric_piano,d2,2
66,1,electric_piano,ds2,2
66,1,electric_piano,d2,2
65,1,electric_piano,d2,2
64,1,electric_piano,d2,2
64,1,electric_piano,ds2,2
65,1,electric_piano,ds2,2
67,1,electric_piano,ds2,2
68,1,electric_piano,ds2,2
69,1,electric_piano,ds2,2
70,1,electric_piano,ds2,2
70,2,electric_piano,e2,2
69,2,electric_piano,e2,2
68,2,electric_piano,e2,2
67,2,electric_piano,e2,2
66,2,electric_piano,e2,2
65,2,electric_piano,e2,2
64,2,electric_piano,e2,2
64,3,electric_piano,f2,2
65,3,electric_piano,f2,2
66,3,electric_piano,f2,2
67,3,electric_piano,f2,2
68,3,electric_piano,f2,2
69,3,electric_piano,f2,2
70,3,electric_piano,f2,2
70,3,electric_piano,fs2,2
69,3,electric_piano,fs2,2
68,3,electric_piano,fs2,2
67,3,electric_piano,fs2,2
66,3,electric_piano,fs2,2
65,3,electric_piano,fs2,2
64,3,electric_piano,fs2,2
64,4,electric_piano,g2,2
65,4,electric_piano,g2,2
66,4,electric_piano,g2,2
67,4,electric_piano,g2,2
68,4,electric_piano,g2,2
69,4,electric_piano,g2,2
70,4,electric_piano,g2,2
70,4,electric_piano,gs2,2
69,4,electric_piano,gs2,2
68,4,electric_piano,gs2,2
67,4,electric_piano,gs2,2
66,4,electric_piano,gs2,2
65,4,electric_piano,gs2,2
64,4,electric_piano,gs2,2
64,5,electric_piano,a2,2
65,5,electric_piano,a2,2
66,5,electric_piano,a2,2
67,5,electric_piano,a2,2
68,5,electric_piano,a2,2
69,5,electric_piano,a2,2
70,5,electric_piano,a2,2
70,5,electric_piano,as2,2
69,5,electric_piano,as2,2
68,5,electric_piano,as2,2
67,5,electric_piano,as2,2
66,5,electric_piano,as2,2
65,5,electric_piano,as2,2
64,5,electric_piano,as2,2
64,6,electric_piano,b2,2
65,6,electric_piano,b2,2
66,6,electric_piano,b2,2
67,6,electric_piano,b2,2
68,6,electric_piano,b2,2
69,6,electric_piano,b2,2
70,6,electric_piano,b2,2
70,0,electric_piano,c3,2
69,0,electric_piano,c3,2
68,0,electric_piano,c3,2
67,0,electric_piano,c3,2
66,0,electric_piano,c3,2
65,0,electric_piano,c3,2
64,0,electric_piano,c3,2
64,0,electric_piano,cs3,2
65,0,electric_piano,cs3,2
66,0,electric_piano,cs3,2
67,0,electric_piano,cs3,2
68,0,electric_piano,cs3,2
70,0,electric_piano,cs3,2
69,0,electric_piano,cs3,2
70,1,electric_piano,d3,2
69,1,electric_piano,d3,2
68,1,electric_piano,d3,2
67,1,electric_piano,d3,2
66,1,electric_piano,d3,2
65,1,electric_piano,d3,2
64,1,electric_piano,d3,2
64,1,electric_piano,ds3,2
65,1,electric_piano,ds3,2
66,1,electric_piano,ds3,2
67,1,electric_piano,ds3,2
68,1,electric_piano,ds3,2
69,1,electric_piano,ds3,2
70,1,electric_piano,ds3,2
70,2,electric_piano,e3,2
69,2,electric_piano,e3,2
68,2,electric_piano,e3,2
67,2,electric_piano,e3,2
66,2,electric_piano,e3,2
65,2,electric_piano,e3,2
64,2,electric_piano,e3,2
64,3,electric_piano,f3,2
65,3,electric_piano,f3,2
66,3,electric_piano,f3,2
67,3,electric_piano,f3,2
68,3,electric_piano,f3,2
69,3,electric_piano,f3,2
70,3,electric_piano,f3,2
70,3,electric_piano,fs3,2
69,3,electric_piano,fs3,2
68,3,electric_piano,fs3,2
67,3,electric_piano,fs3,2
66,3,electric_piano,fs3,2
65,3,electric_piano,fs3,2
64,3,electric_piano,fs3,2
64,4,electric_piano,g3,2
65,4,electric_piano,g3,2
66,4,electric_piano,g3,2
67,4,electric_piano,g3,2
68,4,electric_piano,g3,2
69,4,electric_piano,g3,2
70,4,electric_piano,g3,2
70,4,electric_piano,gs3,2
69,4,electric_piano,gs3,2
68,4,electric_piano,gs3,2
67,4,electric_piano,gs3,2
66,4,electric_piano,gs3,2
65,4,electric_piano,gs3,2
64,4,electric_piano,gs3,2
64,5,electric_piano,a3,2
65,5,electric_piano,a3,2
66,5,electric_piano,a3,2
67,5,electric_piano,a3,2
68,5,electric_piano,a3,2
69,5,electric_piano,a3,2
70,5,electric_piano,a3,2
70,6,electric_piano,b3,2
70,5,electric_piano,as3,2
69,5,electric_piano,as3,2
68,5,electric_piano,as3,2
67,5,electric_piano,as3,2
66,5,electric_piano,as3,2
65,5,electric_piano,as3,2
64,5,electric_piano,as3,2
64,6,electric_piano,b3,2
65,6,electric_piano,b3,2
66,6,electric_piano,b3,2
67,6,electric_piano,b3,2
68,6,electric_piano,b3,2
69,6,electric_piano,b3,2
70,0,electric_piano,c4,2
68,0,electric_piano,c4,2
69,0,electric_piano,c4,2
67,0,electric_piano,c4,2
66,0,electric_piano,c4,2
65,0,electric_piano,c4,2
64,0,electric_piano,c4,2
64,0,electric_piano,cs4,2
65,0,electric_piano,cs4,2
66,0,electric_piano,cs4,2
67,0,electric_piano,cs4,2
68,0,electric_piano,cs4,2
69,0,electric_piano,cs4,2
70,0,electric_piano,cs4,2
70,1,electric_piano,d4,2
69,1,electric_piano,d4,2
68,1,electric_piano,d4,2
67,1,electric_piano,d4,2
66,1,electric_piano,d4,2
65,1,electric_piano,d4,2
64,1,electric_piano,d4,2
64,1,electric_piano,ds4,2
65,1,electric_piano,ds4,2
66,1,electric_piano,ds4,2
67,1,electric_piano,ds4,2
68,1,electric_piano,ds4,2
69,1,electric_piano,ds4,2
70,1,electric_piano,ds4,2
70,2,electric_piano,e4,2
69,2,electric_piano,e4,2
68,2,electric_piano,e4,2
67,2,electric_piano,e4,2
65,2,electric_piano,e4,2
66,2,electric_piano,e4,2
64,2,electric_piano,e4,2
64,3,electric_piano,f4,2
65,3,electric_piano,f4,2
66,3,electric_piano,f4,2
67,3,electric_piano,f4,2
68,3,electric_piano,f4,2
69,3,electric_piano,f4,2
70,3,electric_piano,f4,2
70,3,electric_piano,fs4,2
69,3,electric_piano,fs4,2
68,3,electric_piano,fs4,2
66,3,electric_piano,fs4,2
67,3,electric_piano,fs4,2
65,3,electric_piano,fs4,2
64,3,electric_piano,fs4,2
64,4,electric_piano,g4,2
65,4,electric_piano,g4,2
66,4,electric_piano,g4,2
67,4,electric_piano,g4,2
68,4,electric_piano,g4,2
69,4,electric_piano,g4,2
70,4,electric_piano,g4,2
70,4,electric_piano,gs4,2
69,4,electric_piano,gs4,2
68,4,electric_piano,gs4,2
67,4,electric_piano,gs4,2
66,4,electric_piano,gs4,2
65,5,electric_piano,a4,2
65,4,electric_piano,gs4,2
64,4,electric_piano,gs4,2
70,5,electric_piano,a4,2
69,5,electric_piano,a4,2
68,5,electric_piano,a4,2
67,5,electric_piano,a4,2
66,5,electric_piano,a4,2
64,5,electric_piano,a4,2
64,5,electric_piano,as4,2
65,5,electric_piano,as4,2
66,5,electric_piano,as4,2
67,5,electric_piano,as4,2
68,5,electric_piano,as4,2
70,5,electric_piano,as4,2
69,5,electric_piano,as4,2
70,0,electric_piano,c5,2
70,6,electric_piano,b4,2
69,6,electric_piano,b4,2
68,6,electric_piano,b4,2
67,6,electric_piano,b4,2
66,6,electric_piano,b4,2
65,6,electric_piano,b4,2
64,6,electric_piano,b4,2
64,0,electric_piano,c5,2
66,0,electric_piano,c5,2
65,0,electric_piano,c5,2
67,0,electric_piano,c5,2
68,0,electric_piano,c5,2
69,0,electric_piano,c5,2
70,0,electric_piano,cs5,2
69,0,electric_piano,cs5,2
68,0,electric_piano,cs5,2
67,0,electric_piano,cs5,2
66,0,electric_piano,cs5,2
65,0,electric_piano,cs5,2
64,0,electric_piano,cs5,2
64,1,electric_piano,d5,2
65,1,electric_piano,d5,2
66,1,electric_piano,d5,2
67,1,electric_piano,d5,2
68,1,electric_piano,d5,2
69,1,electric_piano,d5,2
70,1,electric_piano,d5,2
70,1,electric_piano,ds5,2
69,1,electric_piano,ds5,2
68,1,electric_piano,ds5,2
67,1,electric_piano,ds5,2
66,1,electric_piano,ds5,2
65,1,electric_piano,ds5,2
64,1,electric_piano,ds5,2
64,2,electric_piano,e5,2
65,2,electric_piano,e5,2
66,2,electric_piano,e5,2
67,2,electric_piano,e5,2
68,2,electric_piano,e5,2
69,2,electric_piano,e5,2
70,2,electric_piano,e5,2
70,3,electric_piano,f5,2
69,3,electric_piano,f5,2
68,3,electric_piano,f5,2
67,3,electric_piano,f5,2
66,3,electric_piano,f5,2
65,3,electric_piano,f5,2
64,3,electric_piano,f5,2
64,3,electric_piano,fs5,2
65,3,electric_piano,fs5,2
66,3,electric_piano,fs5,2
67,3,electric_piano,fs5,2
68,3,electric_piano,fs5,2
69,3,electric_piano,fs5,2
70,3,electric_piano,fs5,2
70,4,electric_piano,g5,2
69,4,electric_piano,g5,2
68,4,electric_piano,g5,2
67,4,electric_piano,g5,2
66,4,electric_piano,g5,2
65,4,electric_piano,g5,2
64,4,electric_piano,g5,2
64,4,electric_piano,gs5,2
65,4,electric_piano,gs5,2
66,4,electric_piano,gs5,2
67,4,electric_piano,gs5,2
68,4,electric_piano,gs5,2
69,4,electric_piano,gs5,2
70,4,electric_piano,gs5,2
70,5,electric_piano,a5,2
69,5,electric_piano,a5,2
68,5,electric_piano,a5,2
67,5,electric_piano,a5,2
66,5,electric_piano,a5,2
65,5,electric_piano,a5,2
64,5,electric_piano,a5,2
64,5,electric_piano,as5,2
65,5,electric_piano,as5,2
66,5,electric_piano,as5,2
67,5,electric_piano,as5,2
68,5,electric_piano,as5,2
69,5,electric_piano,as5,2
70,5,electric_piano,as5,2
70,6,electric_piano,b5,2
69,6,electric_piano,b5,2
68,6,electric_piano,b5,2
67,6,electric_piano,b5,2
66,6,electric_piano,b5,2
65,6,electric_piano,b5,2
64,6,electric_piano,b5,2
64,0,electric_piano,c6,2
65,0,electric_piano,c6,2
66,0,electric_piano,c6,2
67,0,electric_piano,c6,2
68,0,electric_piano,c6,2
69,0,electric_piano,c6,2
70,0,electric_piano,c6,2
70,0,electric_piano,cs6,2
69,0,electric_piano,cs6,2
68,0,electric_piano,cs6,2
67,0,electric_piano,cs6,2
66,0,electric_piano,cs6,2
65,0,electric_piano,cs6,2
64,0,electric_piano,cs6,2
64,1,electric_piano,d6,2
65,1,electric_piano,d6,2
66,1,electric_piano,d6,2
67,1,electric_piano,d6,2
68,1,electric_piano,d6,2
69,1,electric_piano,ds6,2
69,1,electric_piano,d6,2
70,1,electric_piano,d6,2
70,1,electric_piano,ds6,2
68,1,electric_piano,ds6,2
67,1,electric_piano,ds6,2
66,1,electric_piano,ds6,2
65,1,electric_piano,ds6,2
64,1,electric_piano,ds6,2
64,2,electric_piano,e6,2
65,2,electric_piano,e6,2
66,2,electric_piano,e6,2
67,2,electric_piano,e6,2
68,2,electric_piano,e6,2
69,2,electric_piano,e6,2
70,2,electric_piano,e6,2
70,3,electric_piano,f6,2
69,3,electric_piano,f6,2
68,3,electric_piano,f6,2
67,3,electric_piano,f6,2
66,3,electric_piano,f6,2
64,3,electric_piano,f6,2
65,3,electric_piano,f6,2
64,3,electric_piano,fs6,2
65,3,electric_piano,fs6,2
66,3,electric_piano,fs6,2
67,3,electric_piano,fs6,2
68,3,electric_piano,fs6,2
69,3,electric_piano,fs6,2
70,3,electric_piano,fs6,2
70,4,electric_piano,g6,2
69,4,electric_piano,g6,2
68,4,electric_piano,g6,2
67,4,electric_piano,g6,2
66,4,electric_piano,g6,2
65,4,electric_piano,g6,2
64,4,electric_piano,g6,2
64,4,electric_piano,gs6,2
65,4,electric_piano,gs6,2
66,4,electric_piano,gs6,2
67,4,electric_piano,gs6,2
68,4,electric_piano,gs6,2
69,4,electric_piano,gs6,2
70,4,electric_piano,gs6,2
70,5,electric_piano,as6,2
70,5,electric_piano,a6,2
69,5,electric_piano,a6,2
68,5,electric_piano,a6,2
67,5,electric_piano,a6,2
66,5,electric_piano,a6,2
65,5,electric_piano,a6,2
64,5,electric_piano,a6,2
64,5,electric_piano,as6,2
65,5,electric_piano,as6,2
66,5,electric_piano,as6,2
67,5,electric_piano,as6,2
68,5,electric_piano,as6,2
69,5,electric_piano,as6,2
70,6,electric_piano,b6,2
69,6,electric_piano,b6,2
68,6,electric_piano,b6,2
67,6,electric_piano,b6,2
66,6,electric_piano,b6,2
65,6,electric_piano,b6,2
64,6,electric_piano,b6,2
64,0,electric_piano,c7,2
65,0,electric_piano,c7,2
66,0,electric_piano,c7,2
67,0,electric_piano,c7,2
68,0,electric_piano,c7,2
69,0,electric_piano,c7,2
70,0,electric_piano,c7,2
70,0,electric_piano,cs7,2
69,0,electric_piano,cs7,2
68,0,electric_piano,cs7,2
67,0,electric_piano,cs7,2
66,0,electric_piano,cs7,2
65,0,electric_piano,cs7,2
64,0,electric_piano,cs7,2
65,1,electric_piano,d7,2
64,1,electric_piano,d7,2
66,1,electric_piano,d7,2
67,1,electric_piano,d7,2
68,1,electric_piano,d7,2
69,1,electric_piano,d7,2
70,1,electric_piano,d7,2
70,1,electric_piano,ds7,2
69,1,electric_piano,ds7,2
68,1,electric_piano,ds7,2
67,1,electric_piano,ds7,2
65,1,electric_piano,ds7,2
64,1,electric_piano,ds7,2
66,1,electric_piano,ds7,2
65,2,electric_piano,e7,2
66,2,electric_piano,e7,2
67,2,electric_piano,e7,2
68,2,electric_piano,e7,2
69,2,electric_piano,e7,2
70,2,electric_piano,e7,2
70,3,electric_piano,f7,2
68,3,electric_piano,f7,2
69,3,electric_piano,f7,2
67,3,electric_piano,f7,2
66,3,electric_piano,f7,2
67,3,electric_piano,fs7,2
68,3,electric_piano,fs7,2
69,3,electric_piano,fs7,2
70,3,electric_piano,fs7,2
70,4,electric_piano,g7,2
69,4,electric_piano,gs7,2
69,4,electric_piano,g7,2
68,4,electric_piano,g7,2
70,5,electric_piano,a7,2
70,4,electric_piano,gs7,2
